{
    "position": [
        384.54772721475285,
        199.4522727852473
    ],
    "health": 250,
    "inventory": [
        {}
    ]
}