{
    "position": [
        500.8929650063154,
        116.10703499368674
    ],
    "health": 250,
    "inventory": [
        {}
    ]
}