{
    "position": [
        310.67619023325005,
        124.47813869930167
    ],
    "health": 124,
    "inventory": [
        {}
    ]
}