{
    "position": [
        277.9669914110085,
        283.9669914110085
    ],
    "health": 79,
    "inventory": [
        {
            "Coin": 1
        }
    ]
}