{
    "position": [
        459.43354954613073,
        165.02229457658618
    ],
    "health": 250,
    "inventory": [
        {}
    ]
}