{
    "position": [
        360.8492424049176,
        405.7127701597085
    ],
    "health": 178,
    "inventory": [
        {
            "Bomb": 1,
            "Rifle": 1
        }
    ]
}