{
    "position": [
        219.69491347236647,
        123.27564927611049
    ],
    "health": 1,
    "inventory": [
        {}
    ]
}