{
    "position": [
        457.9108216936583,
        201.0740264046962
    ],
    "health": 157,
    "inventory": [
        {
            "Sword": 1
        }
    ]
}