{
    "position": [
        675.1686142824266,
        508.60303038032987
    ],
    "health": 66,
    "inventory": [
        {
            "Bandages": 1,
            "Coin": 6
        }
    ]
}