{
    "position": [
        363.61017305526707,
        187.72792206135796
    ],
    "health": 235,
    "inventory": [
        {
            "Bandages": 1,
            "Coin": 1
        }
    ]
}