{
    "position": [
        305.99999999999966,
        422.85995641732325
    ],
    "health": 2,
    "inventory": [
        {
            "Coin": 10
        }
    ]
}