{
    "position": [
        580.272077938642,
        206.58517369298613
    ],
    "health": 1,
    "inventory": [
        {
            "Coin": 3,
            "Bandages": 1
        }
    ]
}