{
    "position": [
        680.2533546995256,
        18.261363926237536
    ],
    "health": 250,
    "inventory": [
        {}
    ]
}