{
    "position": [
        251.18106139837712,
        292.0035713374691
    ],
    "health": 13,
    "inventory": [
        {
            "Coin": 18
        }
    ]
}