{
    "position": [
<<<<<<< Updated upstream
        340.0,
        217.0
    ],
    "health": 250,
    "inventory": [
        {}
=======
        630.7867965644034,
        646.3380951166259
    ],
    "health": 160,
    "inventory": [
        {
            "Coin": 4
        }
>>>>>>> Stashed changes
    ]
}