{
    "position": [
        190.80551980351956,
        417.1730521716687
    ],
    "health": 18,
    "inventory": [
        {
            "Coin": 3,
            "Bandages": 5
        }
    ]
}