{
    "position": [
        422.297943852696,
        366.08474041709803
    ],
    "health": 70,
    "inventory": [
        {
            "Bandages": 3,
            "Coin": 3
        }
    ]
}