{
    "position": [
        473.64318164425856,
        301.9669914110085
    ],
    "health": 100,
    "inventory": [
        {
            "Bandages": 1
        }
    ]
}