{
    "position": [
        673.0731598529205,
        101.41926419625628
    ],
    "health": 250,
    "inventory": [
        {}
    ]
}