{
    "position": [
        413.3050865276336,
        143.9446968344241
    ],
    "health": 15,
    "inventory": [
        {
            "Bandages": 1,
            "Coin": 3
        }
    ]
}