{
    "position": [
        211.75378797541237,
        647.8198051533951
    ],
    "health": 40,
    "inventory": [
        {
            "Coin": 1
        }
    ]
}