{
    "position": [
        666.7091988222415,
        81.72435072388922
    ],
    "health": 250,
    "inventory": [
        {}
    ]
}