{
    "position": [
        279.297943852696,
        457.4888527117074
    ],
    "health": 100,
    "inventory": [
        {}
    ]
}