{
    "position": [
        232.60303038032953,
        477.3969696196705
    ],
    "health": 100,
    "inventory": [
        {}
    ]
}