{
    "position": [
        255.42283553372442,
        198.4228355337248
    ],
    "health": 100,
    "inventory": [
        {}
    ]
}