{
    "position": [
        341.4665581351222,
        347.6217536194473
    ],
    "health": 158,
    "inventory": [
        {}
    ]
}