{
    "position": [
        9.687770797429948,
        665.9812767608836
    ],
    "health": 100,
    "inventory": [
        {}
    ]
}