{
    "position": [
        199.94112549695365,
        597.9116882454318
    ],
    "health": 3,
    "inventory": [
        {
            "Bandages": 1,
            "Coin": 1
        }
    ]
}