{
    "position": [
        243.7350647362955,
        274.26493526370547
    ],
    "health": 224,
    "inventory": [
        {}
    ]
}