{
    "position": [
        688.3345237791563,
        515.069588515451
    ],
    "health": 8,
    "inventory": [
        {
            "Coin": 5,
            "Bandages": 1
        }
    ]
}