{
    "position": [
        102.42640687119277,
        652.4594154601847
    ],
    "health": 240,
    "inventory": [
        {
            "Coin": 4,
            "Bandages": 1
        }
    ]
}