{
    "position": [
        353.62175361944526,
        450.70919882224075
    ],
    "health": 11,
    "inventory": [
        {
            "Coin": 12,
            "Bandages": 5
        }
    ]
}