{
    "position": [
        279.4522727852475,
        571.040151263929
    ],
    "health": 48,
    "inventory": [
        {
            "Coin": 2
        }
    ]
}