{
    "position": [
        633.7832252269351,
        653.2239174480029
    ],
    "health": 158,
    "inventory": [
        {
            "Bandages": 1,
            "Coin": 4
        }
    ]
}