{
    "position": [
        271.3273811042187,
        509.6431816442573
    ],
    "health": 95,
    "inventory": [
        {
            "Coin": 1
        }
    ]
}