{
    "position": [
        661.272077938642,
        151.5182899632299
    ],
    "health": 216,
    "inventory": [
        {
            "Coin": 1
        }
    ]
}