{
    "position": [
        160.02586591405492,
        558.1579002700206
    ],
    "health": 54,
    "inventory": [
        {
            "Bandages": 5,
            "Coin": 4
        }
    ]
}