{
    "position": [
        365.3202384292834,
        570.4192641962557
    ],
    "health": 11,
    "inventory": [
        {
            "Coin": 1
        }
    ]
}