{
    "position": [
        594.9741340859463,
        487.9152595829006
    ],
    "health": 167,
    "inventory": [
        {
            "Coin": 1
        }
    ]
}