{
    "position": [
        45.8974028955588,
        686.9188309203694
    ],
    "health": 100,
    "inventory": [
        {}
    ]
}