{
    "position": [
        603.3786796564382,
        689.8122292025661
    ],
    "health": 166,
    "inventory": [
        {
            "Bandages": 1,
            "Coin": 2
        }
    ]
}