{
    "position": [
        636.3452377915626,
        535.1614716074887
    ],
    "health": 100,
    "inventory": [
        {}
    ]
}