{
    "position": [
        134.02943725152284,
        297.6467529817256
    ],
    "health": 72,
    "inventory": [
        {
            "Coin": 7
        }
    ]
}