{
    "position": [
        619.1248916810285,
        455.1543289325522
    ],
    "health": 34,
    "inventory": [
        {
            "Bandages": 1,
            "Coin": 3
        }
    ]
}