{
    "position": [
        315.4228355337244,
        440.51828996323013
    ],
    "health": 240,
    "inventory": [
        {}
    ]
}