{
    "position": [
        409.50313806158135,
        516.951839509359
    ],
    "health": 215,
    "inventory": [
        {
            "Coin": 1
        }
    ]
}