{
    "position": [
        389.1177490060909,
        264.18376618407365
    ],
    "health": 8,
    "inventory": [
        {
            "Coin": 1
        }
    ]
}