{
    "position": [
        212.72077938642101,
        404.2792206135796
    ],
    "health": 250,
    "inventory": [
        {}
    ]
}