{
    "position": [
        684.3933982822017,
        151.19177541078403
    ],
    "health": 181,
    "inventory": [
        {
            "Coin": 1
        }
    ]
}