{
    "position": [
        26.091883092038927,
        138.17305217166785
    ],
    "health": 59,
    "inventory": [
        {
            "Bandages": 1,
            "Coin": 1
        }
    ]
}