{
    "position": [
        212.3309524416875,
        116.33095244168811
    ],
    "health": 250,
    "inventory": [
        {}
    ]
}