{
    "position": [
        255.73149339882576,
        274.81266247845736
    ],
    "health": 100,
    "inventory": [
        {
            "Coin": 3
        }
    ]
}