{
    "position": [
        410.3889603929589,
        100.242640687119
    ],
    "health": 121,
    "inventory": [
        {
            "Bandages": 1,
            "Coin": 0,
            "Bomb": 1
        }
    ]
}