{
    "position": [
        313.9669914110085,
        327.6360389693199
    ],
    "health": 158,
    "inventory": [
        {}
    ]
}