{
    "position": [
        65.32023842928399,
        673.9518395093606
    ],
    "health": 191,
    "inventory": [
        {}
    ]
}