{
    "position": [
        583.661904883375,
        419.63246763185225
    ],
    "health": 245,
    "inventory": [
        {}
    ]
}