{
    "position": [
        514.562012564626,
        275.6949134723656
    ],
    "health": 210,
    "inventory": [
        {
            "Bomb": 1,
            "Sword": 1,
            "Bandages": 1
        }
    ]
}