{
    "position": [
        569.4299782086616,
        267.3130957543451
    ],
    "health": 191,
    "inventory": [
        {
            "Rifle": 1
        }
    ]
}