{
    "position": [
        581.5147186257614,
        5.169480834200332
    ],
    "health": 28,
    "inventory": [
        {}
    ]
}