{
    "position": [
        2.4522727852474335,
        656.1391770309032
    ],
    "health": 207,
    "inventory": [
        {}
    ]
}