{
    "position": [
        526.1400435826763,
        668.2640687119309
    ],
    "health": 9,
    "inventory": [
        {
            "Sword": 1,
            "Rifle": 1,
            "Bomb": 1
        }
    ]
}