{
    "position": [
        595.2132034355966,
        387.7867965644034
    ],
    "health": 42,
    "inventory": [
        {}
    ]
}