{
    "position": [
        595.3122292025702,
        581.5548698896904
    ],
    "health": 50,
    "inventory": [
        {
            "Coin": 4,
            "Bandages": 3
        }
    ]
}